Littleleaf Linden, Tilia cordata, 40.51280536414457, -75.78233806700139
Littleleaf Linden, Tilia cordata, 40.512845818907344, -75.7822960862321
Red Maple, Acer rubrum, 40.512913528863116, -75.78233344944157
Japanese Zelkova, Zelkova serrata, 40.512894645098854, -75.78243341543863
Japanese Zelkova, Zelkova serrata, 40.512851020128075, -75.78242336619488
Norway Maple, Acer platanoides, 40.51280562815564, -75.78249599100091
Japanese Zelkova, Zelkova serrata, 40.51272026300859, -75.78255542775354
Black Walnut, Juglans nigra, 40.51298399278613, -75.78250559412179
Red Maple, Acer rubrum, 40.5131017643391, -75.78248983477889
Red Maple, Acer rubrum, 40.513364175668414, -75.78272645832037
American Linden, Tilia americana, 40.51326428605065, -75.78287662631634
Colorado Spruce, Picea pungens, 40.51331089350179, -75.78282010047806
Colorado Spruce, Picea pungens, 40.513334989029666, -75.78280727374488
Colorado Spruce, Picea pungens, 40.513367691212785, -75.78280328546991
Littleleaf Linden, Tilia cordata, 40.513424723444345, -75.78285025874662
Colorado Spruce, Picea pungens, 40.513488942361995, -75.78287497690732
Colorado Spruce, Picea pungens, 40.513506591413254, -75.78292673433123
Flowering Crabapple, Malus spp., 40.51354090578686, -75.78298130727855
Red Maple, Acer rubrum, 40.51358465250964, -75.78292152555288
Colorado Spruce, Picea pungens, 40.51359519356784, -75.78308096616054
Littleleaf Linden, Tilia cordata, 40.51362512868869, -75.78309179980832
Yellowwood , Cladrastis kentukea, 40.513601368149274, -75.78315356097211
Yellowwood , Cladrastis kentukea, 40.51355504372362, -75.78320020555898
Silver Maple, Acer saccharinum, 40.51353389032211, -75.78327073417445
Silver Maple, Acer saccharinum, 40.513651916708106, -75.78297943872184
Red Maple, Acer rubrum, 40.513747880355005, -75.78306434970068
Eastern White Pine, Pinus strobus, 40.513757314067455, -75.7831492161545
Eastern White Pine, Pinus strobus, 40.51333433268818, -75.78334282444808
Serbian Spruce, Picea omorika, 40.51314515898419, -75.78361336125334
Serbian Spruce, Picea omorika, 40.51311273765206, -75.7836436819131
Serbian Spruce, Picea omorika, 40.51308483379869, -75.78366543601982
Littleleaf Linden, Tilia cordata, 40.51272970346282, -75.78328553248542
Littleleaf Linden, Tilia cordata, 40.51272534372856, -75.78334392549196
Spp. Hawthorn, Crataegus spp., 40.51293349725878, -75.78394649671841
Spp. Hawthorn, Crataegus spp., 40.512939019727504, -75.78400890137912
Littleleaf Linden, Tilia cordata, 40.512949347044255, -75.784094739356
Spp. Hawthorn, Crataegus spp., 40.512770589974, -75.78411909385439
Higan Cherry, Prunus subhirtella, 40.51268973846399, -75.78415050125368
Higan Cherry, Prunus subhirtella, 40.51268112912977, -75.78405975792435
Douglas-Fir , Pseudotsuga menziesii, 40.51224168080973, -75.7836992247864
European Filbert, Corylus avellana, 40.51245159912848, -75.78357130319675
Atlas Cedar, Cedrus atlantica, 40.51221166567987, -75.78330159361062
Spp. Hawthorn, Crataegus spp., 40.51217822075463, -75.78318522204914
Spp. Hawthorn, Crataegus spp., 40.51216323219271, -75.7831091291497
Littleleaf Linden, Tilia cordata, 40.512397805228005, -75.78277139224083
Littleleaf Linden, Tilia cordata, 40.51243653681834, -75.7827151708889
Colorado Spruce, Picea pungens, 40.51254889223776, -75.7829603261699
Japanese Sty Jp Snowbell, raxa onicus, 40.51246756193924, -75.78303850606196
Littleleaf Linden, Tilia cordata, 40.512555457201344, -75.78259364310557
Carolina Silverbell, Halesia tetraptera, 40.51270393401359, -75.78264793837229
Eastern White Pine, Pinus strobus, 40.512002962792394, -75.78313728113314
Eastern White Pine, Pinus strobus, 40.511977827859525, -75.78311736878901
Eastern White Pine, Pinus strobus, 40.5119578050191, -75.78307957448791
Eastern White Pine, Pinus strobus, 40.511944358145456, -75.78313092179351
Eastern White Pine, Pinus strobus, 40.51192203305939, -75.78310981576713
Norway Spruce, Picea abies, 40.51190967261059, -75.7831391018174
Norway Spruce, Picea abies, 40.51188177699499, -75.7831117990388
Norway Spruce, Picea abies, 40.511861053446964, -75.78310295786844
Mugo Pine, Pinus mugo, 40.511615088242536, -75.78330839197636
Colorado Spruce, Picea pungens, 40.5116833755616, -75.7832060402529
Ginkgo , Ginkgo biloba, 40.51183601054953, -75.78321302627518
Colorado Spruce, Picea pungens, 40.51204652026673, -75.78336727578572
Flowering Dogwood, Cornus florida, 40.512109028569384, -75.78344497456416
Norway Maple, Acer platanoides, 40.51212188582033, -75.78354306230236
Tuliptree , Liriodendron tulipifera, 40.51161638382256, -75.78377365583668
Tuliptree , Liriodendron tulipifera, 40.51148376830214, -75.78351268264458
Colorado Spruce, Picea pungens, 40.51152056566249, -75.78334449670496
Mugo Pine, Pinus mugo, 40.51154903628003, -75.78336670700618
Mugo Pine, Pinus mugo, 40.5115004498337, -75.78326195325978
Colorado Spruce, Picea pungens, 40.511336438798075, -75.78317356907728
Flowering Dogwood, Cornus florida, 40.511271009839824, -75.78308945770601
Norway Spruce, Picea abies, 40.51124621126067, -75.78299331688758
Colorado Spruce, Picea pungens, 40.51140427512937, -75.78290242728163
Norway Maple, Acer platanoides, 40.51147282082736, -75.78264483769769
Norway Maple, Acer platanoides, 40.51133438922783, -75.78277137968391
Flowering Dogwood, Cornus florida, 40.51244821765368, -75.78199052373306
Flowering Dogwood, Cornus florida, 40.51256885746102, -75.78210203950928
Flowering Dogwood, Cornus florida, 40.51267667494225, -75.78219929889116
Flowering Dogwood, Cornus florida, 40.51262480938493, -75.78226606107559
Flowering Dogwood, Cornus florida, 40.51258081439956, -75.78231465786416
Flowering Dogwood, Cornus florida, 40.512521823987406, -75.78239986647003
Douglas-Fir , Pseudotsuga menziesii, 40.512480935200365, -75.78245405165268
Norway Maple, Acer platanoides, 40.51239191385944, -75.78222188233724
Norway Maple, Acer platanoides, 40.51235073459761, -75.78214331675032
Colorado Spruce, Picea pungens, 40.51223910541317, -75.78218195489451
American Sweetgum, Liquidambar styraciflua, 40.51208474792859, -75.78209270480421
Northern Red Oak, Quercus rubra, 40.512067261495126, -75.78221119274602
Northern Red Oak, Quercus rubra, 40.51211497591954, -75.78237037119793
Star Magnolia, Magnolia stellata, 40.51222934361375, -75.7824209192565
Douglas-Fir , Pseudotsuga menziesii, 40.512243660826, -75.78252437925859
Norway Maple, Acer platanoides, 40.512399222454604, -75.78255815909328
Colorado Spruce, Picea pungens, 40.51228844838363, -75.78273787417669
Colorado Spruce, Picea pungens, 40.51228548762095, -75.78271213850373
Colorado Spruce, Picea pungens, 40.51226338442162, -75.78273141414331
American Holly, Ilex opaca, 40.51225354925546, -75.78267784112047
American Holly, Ilex opaca, 40.512240519589646, -75.78266628967104
American Holly, Ilex opaca, 40.51225195242069, -75.78265157363343
Eastern Hemlock, Tsuga candensis, 40.51222937168869, -75.78263893734042
Eastern Hemlock, Tsuga candensis, 40.512231886856995, -75.7826160746243
Eastern Hemlock, Tsuga candensis, 40.512206740481204, -75.78260448973003
Eastern Hemlock, Tsuga candensis, 40.512211418034305, -75.78256961600252
Serbian Spruce, Picea omorika, 40.51218300294536, -75.7825484959345
Serbian Spruce, Picea omorika, 40.5121557814242, -75.78253736853743
Colorado Spruce, Picea pungens, 40.51215022228673, -75.78251485107288
Colorado Spruce, Picea pungens, 40.51213080185278, -75.78247720313783
Eastern Hemlock, Tsuga candensis, 40.51211252205663, -75.78245869505123
Colorado Spruce, Picea pungens, 40.512096658684705, -75.78245851065266
Eastern Hemlock, Tsuga candensis, 40.51208781830642, -75.78245092322491
Colorado Spruce, Picea pungens, 40.51207887995622, -75.78245913496347
Eastern Hemlock, Tsuga candensis, 40.51206121734834, -75.78245724527669
Colorado Spruce, Picea pungens, 40.51205281384752, -75.78247960039839
Eastern Hemlock, Tsuga candensis, 40.51204280241413, -75.78245869434589
Eastern Hemlock, Tsuga candensis, 40.512018008578266, -75.78246422649026
Eastern Hemlock, Tsuga candensis, 40.511997712061515, -75.78246149646087
Eastern Hemlock, Tsuga candensis, 40.51198125753431, -75.78245548366209
Eastern Hemlock, Tsuga candensis, 40.51198489569291, -75.78247964186014
Eastern Hemlock, Tsuga candensis, 40.51196777905739, -75.78247694879177
Eastern Hemlock, Tsuga candensis, 40.51194811086733, -75.78247588800879
Eastern Hemlock, Tsuga candensis, 40.51193526633155, -75.7824981926455
Eastern Hemlock, Tsuga candensis, 40.5119200447918, -75.78249635257612
American Holly, Ilex opaca, 40.51191666557884, -75.78252708167192
Flowering Dogwood, Cornus florida, 40.51185400808945, -75.78259371266917
Sugar Maple, Acer saccharum, 40.51192709132027, -75.78258125735066
Spp. Hawthorn, Crataegus spp., 40.511975912288165, -75.78249450673968
Black Walnut, Juglans nigra, 40.512120681675874, -75.7826585931542
American Holly, Ilex opaca, 40.51192761393003, -75.78274883526066
Flowering Dogwood, Cornus florida, 40.51194850077346, -75.78279209038749
Corneliancherry Dogwood, Cornus mas, 40.51216133566056, -75.78289709523284
Colorado Spruce, Picea pungens, 40.5121432557756, -75.78291956441532
Colorado Spruce, Picea pungens, 40.512130203677884, -75.7829299426081
Serbian Spruce, Picea omorika, 40.51212608777366, -75.78291913574368
Colorado Spruce, Picea pungens, 40.512119490913605, -75.78294208903894
Serbian Spruce, Picea omorika, 40.512104885252946, -75.78293577773832
Flowering Dogwood, Cornus florida, 40.512071341172486, -75.78295765035155
American Holly, Ilex opaca, 40.51187221348258, -75.78285860750705
Katsuratree , Cercidiphyllum japonicum, 40.51186669710784, -75.782981371256
Saucer Magnolia Magnolia, x soulangiana, 40.51179261950617, -75.78284539905239
Colorado Spruce, Picea pungens, 40.51175401750096, -75.78309521126043
Colorado Spruce, Picea pungens, 40.511733071245196, -75.78307270492168
Colorado Spruce, Picea pungens, 40.51173216027098, -75.78303431038586
Flowering Crabapple, Malus spp., 40.51174416076305, -75.78299299593543
Japanese Maple, Acer palmatum, 40.511693985742745, -75.78296442730014
American Holly, Ilex opaca, 40.51171570233703, -75.78292110949303
American Holly, Ilex opaca, 40.51171203523598, -75.78291719292005
American Holly, Ilex opaca, 40.51170874073996, -75.78291279791648
Corneliancherry Dogwood, Cornus mas, 40.5116955627622, -75.78289521672625
Eastern Redbud, Cercis canadensis, 40.51169560993404, -75.78283373383775
Siberian Elm, Ulmus pumila, 40.51164763744321, -75.78282446257475
Colorado Spruce, Picea pungens, 40.51168400970007, -75.78274549027431
American Holly, Ilex opaca, 40.51172199823794, -75.78270187648124
American Holly, Ilex opaca, 40.51175585276536, -75.7826674142571
Colorado Spruce, Picea pungens, 40.51177183824233, -75.78265356098106
Japanese Stewartia, Stewartia pseudocamellia, 40.51178485020024, -75.78264112496299
Callery Pear, Pyrus calleryana, 40.51166278358285, -75.7826565576288
Flowering Crabapple, Malus spp., 40.51180999626097, -75.78252239381371
Sugar Maple, Acer saccharum, 40.511891565347135, -75.78248074297126
Spp. Yew, Taxus spp., 40.51205321493158, -75.7823684753602
Littleleaf Linden, Tilia cordata, 40.51307301508403, -75.78373702997264
Littleleaf Linden, Tilia cordata, 40.51315610524235, -75.78365712848468
Higan Cherry, Prunus subhirtella, 40.513230629917864, -75.78366859476958
Eastern White Pine, Pinus strobus, 40.51336705499714, -75.78350595645342
Littleleaf Linden, Tilia cordata, 40.51341749535322, -75.78349005599269
Littleleaf Linden, Tilia cordata, 40.513445684932144, -75.78344209932312
Eastern White Pine, Pinus strobus, 40.513560466008066, -75.78344090455468
Eastern White Pine, Pinus strobus, 40.513588824150226, -75.78340130214204
Eastern White Pine, Pinus strobus, 40.51361590989221, -75.78337264596347
Atlas Cedar, Cedrus atlantica, 40.5136757328546, -75.78354477943866
Red Maple, Acer rubrum, 40.51387756481895, -75.78344286968118
Sugar Maple, Acer saccharum, 40.513855044739714, -75.78350368219054
Red Maple, Acer rubrum, 40.513897149052056, -75.78372732661927
Sugar Maple, Acer saccharum, 40.51391031134814, -75.78381360956828
Red Maple, Acer rubrum, 40.513973758923576, -75.78388560169189
Red Maple, Acer rubrum, 40.51404624772225, -75.78386251576578
Sugar Maple, Acer saccharum, 40.51415904584457, -75.78377248321601
Red Maple, Acer rubrum, 40.514199391397376, -75.7837267558072
Silver Maple, Acer saccharinum, 40.51420664360651, -75.78345971627898
Silver Maple, Acer saccharinum, 40.51402534273794, -75.7833012013421
Eastern Arborvitae, Thuja occidentalis, 40.5138287785077, -75.78394148208125
Higan Cherry, Prunus subhirtella, 40.51400260358783, -75.78415937824781
Higan Cherry, Prunus subhirtella, 40.513725347761685, -75.78456269189012
Higan Cherry, Prunus subhirtella, 40.51368752721196, -75.78448327126021
European Hornbeam, Carpinus betulus, 40.5134216098842, -75.78422351765309
European Hornbeam, Carpinus betulus, 40.513405940619435, -75.7841960599698
Thornless Gleditsia Honeylocust, triacanthos inermis, 40.51313350053728, -75.78418586856998
Thornless Gleditsia Honeylocust, triacanthos inermis, 40.51308430336697, -75.78409555482253
Thornless Gleditsia Honeylocust, triacanthos inermis, 40.51304129122524, -75.78401114076959
Thornless Gleditsia Honeylocust, triacanthos inermis, 40.51299655864532, -75.78391738417558
Spp. Hawthorn, Crataegus spp., 40.51288946107919, -75.78420419193864
Colorado Spruce, Picea pungens, 40.51281717459837, -75.78418019675144
Colorado Spruce, Picea pungens, 40.51274058706522, -75.78426959822892
Japanese Maple, Acer palmatum, 40.51283197415205, -75.78434243444009
Ginkgo , Ginkgo biloba, 40.51280826476281, -75.78445097321476
Higan Cherry, Prunus subhirtella, 40.513002209763314, -75.7850343552039
Higan Cherry, Prunus subhirtella, 40.51309042575812, -75.78499174902169
Higan Cherry, Prunus subhirtella, 40.513139309490676, -75.78493978989785
Higan Cherry, Prunus subhirtella, 40.51318926592188, -75.7848850799386
Higan Cherry, Prunus subhirtella, 40.51324345654709, -75.78482903586274
Higan Cherry, Prunus subhirtella, 40.51331031336716, -75.7847703749189
Higan Cherry, Prunus subhirtella, 40.51334530823198, -75.78474451941621
Higan Cherry, Prunus subhirtella, 40.51339419185473, -75.78469255991725
Red Maple, Acer rubrum, 40.51351426961431, -75.78456540282258
Red Maple, Acer rubrum, 40.513475469322614, -75.78450025131771
Red Maple, Acer rubrum, 40.51345023471703, -75.78464233751794
American Holly, Ilex opaca, 40.51346127772028, -75.78441438173859
Corneliancherry Dogwood, Cornus mas, 40.513481058139156, -75.78445331707367
Sugar Maple, Acer saccharum, 40.51394935432529, -75.78478939230054
Colorado Spruce, Picea pungens, 40.514238325091426, -75.78488719698625
Callery Pear, Pyrus calleryana, 40.51442623486282, -75.7851254779553
Colorado Spruce, Picea pungens, 40.51447057721079, -75.78547400961821
Colorado Spruce, Picea pungens, 40.514324676648144, -75.78553526358239
Scarlet Oak, Quercus coccinea, 40.51420735712145, -75.78531879171533
Colorado Spruce, Picea pungens, 40.51485192158597, -75.78513743864332
Colorado Spruce, Picea pungens, 40.514830580603046, -75.7850617096602
Japanese Flowering Cherry, Prunus serrulata, 40.51495267392953, -75.78499464279396
Japanese Flowering Cherry, Prunus serrulata, 40.514916159199586, -75.78489411579616
Norway Spruce, Picea abies, 40.51482122741461, -75.78481134574251
Flowering Dogwood, Cornus florida, 40.514753231342674, -75.7847578677818
Norway Spruce, Picea abies, 40.51473504630167, -75.78462330893531
Spp. Hawthorn, Crataegus spp., 40.516247567732904, -75.78528961460522
Silver Maple, Acer saccharinum, 40.51550222151221, -75.78463550091021
Silver Maple, Acer saccharinum, 40.51523987087372, -75.78440114946189
Silver Maple, Acer saccharinum, 40.51475362186581, -75.78396374044783
Silver Maple, Acer saccharinum, 40.514667438309395, -75.78388210782775
Red Maple, Acer rubrum, 40.51454410976794, -75.78378208302132
Goldenraintree , Koelreuteria paniculata, 40.51501232600485, -75.78518095943053
Eastern Redbud, Cercis canadensis, 40.515211043915635, -75.78583028205972
Pin Oak, Quercus palustris, 40.515337034170635, -75.78605261268905
Flowering Dogwood, Cornus florida, 40.51536241068436, -75.78613360713771
Douglas-Fir , Pseudotsuga menziesii, 40.515674403799025, -75.78641191215624
Flowering Dogwood, Cornus florida, 40.51554251951284, -75.78642169731243
Flowering Dogwood, Cornus florida, 40.514885664713184, -75.78653692547489
Eastern Redbud, Cercis canadensis, 40.51476789832373, -75.7862818124586
Katsuratree , Cercidiphyllum japonicum, 40.51470241013507, -75.78621866413656
Katsuratree , Cercidiphyllum japonicum, 40.51470034003673, -75.78611906797727
Katsuratree , Cercidiphyllum japonicum, 40.51462187811494, -75.78607856197758
Goldenraintree , Koelreuteria paniculata, 40.514452961797595, -75.78573948180431
Higan Cherry, Prunus subhirtella, 40.51463986194464, -75.78558810476895
Northern Red Oak, Quercus rubra, 40.51459827075837, -75.7855108399271
Eastern Arborvitae, Thuja occidentalis, 40.51464435103321, -75.7854657904623
Sugar Maple, Acer saccharum, 40.51474118722473, -75.78536374825164
Eastern Arborvitae, Thuja occidentalis, 40.51399542270403, -75.78561048963381
Eastern Arborvitae, Thuja occidentalis, 40.5139712863577, -75.78563590036163
White Spruce, Picea glauca, 40.51376924876745, -75.78562997384154
Higan Cherry, Prunus subhirtella, 40.513873022589046, -75.78590808608118
Higan Cherry, Prunus subhirtella, 40.51394460285501, -75.78603452747119
Flowering Dogwood, Cornus florida, 40.514797779698505, -75.78660891258536
Gray Birch, Betula populifolia, 40.514824787713486, -75.78682732636342
Tuliptree , Liriodendron tulipifera, 40.51470214319417, -75.78678070077905
Sugar Maple, Acer saccharum, 40.514055336527754, -75.7864203129916
Colorado Spruce, Picea pungens, 40.51399115000004, -75.78629298353152
Colorado Spruce, Picea pungens, 40.5139527101427, -75.78623193664464
Colorado Spruce, Picea pungens, 40.51392431698985, -75.78618253488732
Norway Spruce, Picea abies, 40.51389741517573, -75.78612711642577
Colorado Spruce, Picea pungens, 40.51386709923737, -75.78607165931683
Norway Spruce, Picea abies, 40.51383347949454, -75.78600126950425
Colorado Spruce, Picea pungens, 40.51380658771482, -75.78594436283498
Flowering Crabapple, Malus spp., 40.513681176220246, -75.78583030711691
Norway Spruce, Picea abies, 40.51370501209524, -75.78576562624906
Colorado Spruce, Picea pungens, 40.51369126911671, -75.78573845970678
Sugar Maple, Acer saccharum, 40.51360199034379, -75.78584325099524
Sugar Maple, Acer saccharum, 40.51356364189814, -75.78582966557605
Norway Spruce, Picea abies, 40.51344382156503, -75.7854947916584
Norway Spruce, Picea abies, 40.51348621952958, -75.78545072690784
Douglas-Fir , Pseudotsuga menziesii, 40.51353181173989, -75.78541518634731
Colorado Spruce, Picea pungens, 40.5136165156649, -75.78534190831512
Higan Cherry, Prunus subhirtella, 40.51371810037299, -75.7854067507664
White Spruce, Picea glauca, 40.51376776919584, -75.78548584042123
Colorado Spruce, Picea pungens, 40.51381662418442, -75.78544609430895
Colorado Spruce, Picea pungens, 40.51385730871718, -75.78541686333897
Colorado Spruce, Picea pungens, 40.51396503223157, -75.78529292784253
Colorado Spruce, Picea pungens, 40.5135920211827, -75.7851336773342
Mugo Pine, Pinus mugo, 40.51355590793922, -75.7846530679395
Nootka Falsecypress, Chamaecyparis nootkatensis, 40.513507618836414, -75.78469840665788
Nootka Falsecypress, Chamaecyparis nootkatensis, 40.513450911477705, -75.78474963407496
Nootka Falsecypress, Chamaecyparis nootkatensis, 40.51339572647459, -75.78480087915628
Yoshino Prunus Cherry, x yedoensis, 40.51289565730355, -75.78512254476155
Yoshino Prunus Cherry, x yedoensis, 40.51278485934788, -75.78522034586669
Higan Cherry, Prunus subhirtella, 40.51267796047144, -75.7853488817805
Higan Cherry, Prunus subhirtella, 40.51262734248031, -75.78540678560908
Norway Maple, Acer platanoides, 40.51308296059949, -75.78618522692386
Sugar Maple, Acer saccharum, 40.51314624824597, -75.78611102032602
Flowering Crabapple, Malus spp., 40.513168415599054, -75.78633794508293
Flowering Dogwood, Cornus florida, 40.51322835112036, -75.7863459577218
Flowering Dogwood, Cornus florida, 40.51323055902431, -75.78643189631774
Flowering Dogwood, Cornus florida, 40.51370618479028, -75.7873760701692
White Fir, Abies concolor, 40.51371419919369, -75.78730915088933
White Fir, Abies concolor, 40.51378273468743, -75.78733485405112
White Fir, Abies concolor, 40.51376756620262, -75.78729879513409
Littleleaf Linden, Tilia cordata, 40.513779861737675, -75.7872501003189
White Fir, Abies concolor, 40.513822582764114, -75.78727640214696
Douglas-Fir , Pseudotsuga menziesii, 40.5138256255789, -75.78724234215079
White Fir, Abies concolor, 40.51385018562271, -75.78725000094714
Douglas-Fir , Pseudotsuga menziesii, 40.513959842626896, -75.78722471640123
Douglas-Fir , Pseudotsuga menziesii, 40.51394379711033, -75.78726449329612
Douglas-Fir , Pseudotsuga menziesii, 40.513980698284975, -75.78725114381166
Douglas-Fir , Pseudotsuga menziesii, 40.51409300520107, -75.78746233640187
White Fir, Abies concolor, 40.514122640644906, -75.78743512087225
Douglas-Fir , Pseudotsuga menziesii, 40.514123384711525, -75.78748060669173
White Fir, Abies concolor, 40.51409052166261, -75.78751743062949
Douglas-Fir , Pseudotsuga menziesii, 40.51412094811768, -75.78752881152187
Littleleaf Linden, Tilia cordata, 40.51416248083533, -75.7876078481434
Green Ash, Fraxinus pennsylvanica, 40.51370180527318, -75.78803174720072
Green Ash, Fraxinus pennsylvanica, 40.5136266950546, -75.78809563804587
Colorado Spruce, Picea pungens, 40.51330156823624, -75.78837779997554
Colorado Spruce, Picea pungens, 40.51333287933033, -75.7884139972075
Littleleaf Linden, Tilia cordata, 40.51349863445712, -75.78896030039483
Littleleaf Linden, Tilia cordata, 40.51346666850484, -75.78905566196485
Littleleaf Linden, Tilia cordata, 40.513438323534174, -75.78913130981253
Littleleaf Linden, Tilia cordata, 40.51336078530127, -75.7891060872475
Littleleaf Linden, Tilia cordata, 40.513407975935934, -75.78921657312591
Littleleaf Linden, Tilia cordata, 40.513364249596506, -75.78925838658736
Littleleaf Linden, Tilia cordata, 40.51365224551727, -75.78900635012187
Littleleaf Linden, Tilia cordata, 40.5136671201782, -75.78894814486057
Spp. Hawthorn, Crataegus spp., 40.51337315081153, -75.78739240734512
Spp. Hawthorn, Crataegus spp., 40.5133885669848, -75.78741591087258
Spp. Hawthorn, Crataegus spp., 40.51338174295963, -75.78743769645628
Spp. Hawthorn, Crataegus spp., 40.513370473867745, -75.78745870173658
Pin Oak, Quercus palustris, 40.513418726571196, -75.78747967507731
Pin Oak, Quercus palustris, 40.51344771852023, -75.78755217114333
Higan Cherry, Prunus subhirtella, 40.51313176204553, -75.78795882350973
Higan Cherry, Prunus subhirtella, 40.512912120540534, -75.78739659419458
Higan Cherry, Prunus subhirtella, 40.51298109376188, -75.7873369020489
Pin Oak, Quercus palustris, 40.51319513763298, -75.78719244728731
Pin Oak, Quercus palustris, 40.51326428777989, -75.78721653192767
Spp. Hawthorn, Crataegus spp., 40.51328673874261, -75.78726533177795
Spp. Hawthorn, Crataegus spp., 40.5133120242613, -75.78733311466428
Higan Cherry, Prunus subhirtella, 40.513456625511004, -75.78724982195986
Higan Cherry, Prunus subhirtella, 40.51338103153672, -75.78700523595828
Flowering Dogwood, Cornus florida, 40.51342370638051, -75.78690075513902
Flowering Dogwood, Cornus florida, 40.51346179632705, -75.78690994826691
Flowering Dogwood, Cornus florida, 40.51348056070291, -75.78695640920941
English Oak, Quercus robur, 40.51325571905183, -75.78677756497036
Flowering Crabapple, Malus spp., 40.513104886144305, -75.78650060620265
Flowering Crabapple, Malus spp., 40.513063626345435, -75.78643430389235
River Birch, Betula nigra, 40.512883883537754, -75.78624467897367
River Birch, Betula nigra, 40.51266565240685, -75.7861838172245
River Birch, Betula nigra, 40.51247927229394, -75.78609445372027
Littleleaf Linden, Tilia cordata, 40.5125318321028, -75.7862384834362
Littleleaf Linden, Tilia cordata, 40.51255117504428, -75.78636809663683
Littleleaf Linden, Tilia cordata, 40.5125225017855, -75.78656106225394
Austrian Pine, Pinus nigra, 40.512341323477315, -75.78679807405032
Austrian Pine, Pinus nigra, 40.512358137508585, -75.7868279933568
Austrian Pine, Pinus nigra, 40.512259700974504, -75.78693994984705
Austrian Pine, Pinus nigra, 40.512240036370805, -75.78695953470447
Ash,Green , Fraxinus pennsylvanica, 40.512245004391424, -75.78702242114912
Norway Spruce, Picea abies, 40.512192757118676, -75.78696228461169
Norway Spruce, Picea abies, 40.51220004508345, -75.7870019992979
Norway Spruce, Picea abies, 40.51218347710011, -75.78702987577716
Norway Spruce, Picea abies, 40.51225298400048, -75.78707433593088
Norway Spruce, Picea abies, 40.512243053680464, -75.787105129983
Norway Spruce, Picea abies, 40.512278527204096, -75.78709372580398
Kousa Dogwood, Cornus kousa, 40.51228239173901, -75.7871374102178
Kousa Dogwood, Cornus kousa, 40.512310121081015, -75.78714137118037
Kousa Dogwood, Cornus kousa, 40.51230017215425, -75.78717489403246
Kousa Dogwood, Cornus kousa, 40.51233288074613, -75.78716072972497
Kousa Dogwood, Cornus kousa, 40.51231806685535, -75.78719692233307
Kousa Dogwood, Cornus kousa, 40.51234074881654, -75.78722900786248
Kousa Dogwood, Cornus kousa, 40.51236213359434, -75.78724653260352
Kousa Dogwood, Cornus kousa, 40.51236944427743, -75.78719297758907
Norway Spruce, Picea abies, 40.51236231939259, -75.78721926008083
Norway Spruce, Picea abies, 40.51238068474252, -75.78727402427013
Norway Spruce, Picea abies, 40.51240766460647, -75.78738798308672
Norway Spruce, Picea abies, 40.512379743236345, -75.78741220453422
Norway Spruce, Picea abies, 40.51235527142798, -75.7874391917782
Green Ash, Fraxinus pennsylvanica, 40.512082479183164, -75.78706154550383
Littleleaf Linden, Tilia cordata, 40.5120812314472, -75.78680424663158
Higan Cherry, Prunus subhirtella, 40.51187960390767, -75.78617155818303
White Oak, Quercus alba, 40.51199601556081, -75.78596775137967
Pin Oak, Quercus palustris, 40.51211952263305, -75.7858015114202
Pin Oak, Quercus palustris, 40.5122954138629, -75.785807830592
Sugar Maple, Acer saccharum, 40.51241948400477, -75.78570581636001
Flowering Dogwood, Cornus florida, 40.512474658564805, -75.78568134217663
Sugar Maple, Acer saccharum, 40.5124757852134, -75.78577665580818
Sugar Maple, Acer saccharum, 40.512654173876854, -75.78589263454619
Norway Maple, Acer platanoides, 40.512741289784536, -75.78599592615613
Flowering Dogwood, Cornus florida, 40.51279487100936, -75.78607325834511
Flowering Dogwood, Cornus florida, 40.51282128345355, -75.78610262167976
American Sweetgum, Liquidambar styraciflua, 40.511933863677044, -75.78563386029802
Green Ash, Fraxinus pennsylvanica, 40.51187246719696, -75.78554787830743
Pin Oak, Quercus palustris, 40.5118838411386, -75.78569823976605
American Sweetgum, Liquidambar styraciflua, 40.51181829673322, -75.78576785224091
Sugar Maple, Acer saccharum, 40.51166781853545, -75.78587030668353
Sugar Maple, Acer saccharum, 40.51174463005941, -75.7858157137995
Flowering Dogwood, Cornus florida, 40.51153421432717, -75.78566932312519
Flowering Dogwood, Cornus florida, 40.511475147337975, -75.78554547368135
Spp. Serviceberry, Amelanchier spp., 40.51151922393958, -75.78529154936082
Green Ash, Fraxinus pennsylvanica, 40.511569200274344, -75.78523393634867
Green Ash, Fraxinus pennsylvanica, 40.51161586627661, -75.78520741288334
Star Magnolia, Magnolia stellata, 40.51182662691923, -75.7852819285579
Star Magnolia, Magnolia stellata, 40.51184283518569, -75.78532813264376
Sugar Maple, Acer saccharum, 40.511661669896235, -75.78508240720355
Colorado Spruce, Picea pungens, 40.51143059869676, -75.78528565478267
White Ash, Fraxinus americana, 40.51138878243596, -75.78536343584018
White Ash, Fraxinus americana, 40.511195222999255, -75.78553497743874
Eastern Hemlock, Tsuga candensis, 40.51118319155926, -75.7856257648736
Colorado Spruce, Picea pungens, 40.511108726387505, -75.78559497056344
Eastern Arborvitae, Thuja occidentalis, 40.511175554836456, -75.78571545391635
Eastern Arborvitae, Thuja occidentalis, 40.51117629401377, -75.78586509125431
Spp. Serviceberry, Amelanchier spp., 40.51108964946566, -75.78597065170509
Eastern Hemlock, Tsuga candensis, 40.51104241931452, -75.78602313655566
White Fringetree, Chionanthus virginicus, 40.511031316472824, -75.78608860558593
Eastern Redbud, Cercis canadensis, 40.511097506671966, -75.7860684427913
Kentucky Coffeetree , Gymnocladus dioicus, 40.51107777765105, -75.78614916384392
Pin Oak, Quercus palustris, 40.51115351455777, -75.78613469561188
Sugar Maple, Acer saccharum, 40.51111546069818, -75.78624730448058
European Mountainash, Sorbus aucuparia, 40.51119571572554, -75.78603748896613
Tuliptree , Liriodendron tulipifera, 40.511245896603, -75.78617764606626
Eastern White Pine, Pinus strobus, 40.51130794037973, -75.78613929058483
Sugar Maple, Acer saccharum, 40.51136552687958, -75.78616815807544
Sugar Maple, Acer saccharum, 40.51127514679536, -75.78629969552331
American Hornbeam, Carpinus caroliniana, 40.511246866915556, -75.7863858998622
Red Maple, Acer rubrum, 40.51131641699358, -75.7863406540482
Eastern Redbud, Cercis canadensis, 40.51140762270123, -75.78624401849694
Red Maple, Acer rubrum, 40.51195155328316, -75.7870906449376
Thornless Gleditsia Honeylocust, triacanthos inermis, 40.51189679891974, -75.78730200860359
Thornless Gleditsia Honeylocust, triacanthos inermis, 40.51183762985502, -75.7872185275802
Thornless Gleditsia Honeylocust, triacanthos inermis, 40.51166251117703, -75.78696256802081
Red Maple, Acer rubrum, 40.51174674016366, -75.78684275999981
Thornless Gleditsia Honeylocust, triacanthos inermis, 40.511854478888004, -75.78651565963195
Thornless Gleditsia Honeylocust, triacanthos inermis, 40.511809247494654, -75.78643460256612
White Ash, Fraxinus americana, 40.51124927764306, -75.78505886308737
Kousa Dogwood, Cornus kousa, 40.51129286302499, -75.7848014999386
Kousa Dogwood, Cornus kousa, 40.511346026047, -75.78488746948503
Kousa Dogwood, Cornus kousa, 40.51140817033429, -75.78496820990588
American Sweetgum, Liquidambar styraciflua, 40.51145190725262, -75.78500285917016
Sugar Maple, Acer saccharum, 40.51152432714393, -75.78501117178854
American Sweetgum, Liquidambar styraciflua, 40.511582812764864, -75.78503105815943
Eastern Arborvitae, Thuja occidentalis, 40.51163260539963, -75.78444594563778
Spp. Serviceberry, Amelanchier spp., 40.511609834716495, -75.78444141330719
Spp. Serviceberry, Amelanchier spp., 40.51160163340579, -75.78444985285807
Spp. Serviceberry, Amelanchier spp., 40.51153606088098, -75.7845131014858
Spp. Serviceberry, Amelanchier spp., 40.51152949728535, -75.78452049306877
Eastern Arborvitae, Thuja occidentalis, 40.511510588262176, -75.78454694388662
Pin Oak, Quercus palustris, 40.511425147800956, -75.78458281863796
Eastern Hemlock, Tsuga candensis, 40.51149561645821, -75.78471928462336
Eastern Hemlock, Tsuga candensis, 40.51146413902377, -75.78475516738644
Eastern Hemlock, Tsuga candensis, 40.511426473449156, -75.78478162252709
Corneliancherry Dogwood, Cornus mas, 40.51133306520514, -75.78464162910761
Corneliancherry Dogwood, Cornus mas, 40.51133178322095, -75.78472295778548
Corneliancherry Dogwood, Cornus mas, 40.5113791262464, -75.7847426490291
Flowering Dogwood, Cornus florida, 40.511396268353266, -75.78469117204236
Franklinia , Franklinia alatamaha, 40.511565650355536, -75.78491708159578
Spp. Hawthorn, Crataegus spp., 40.51166411972108, -75.7848782630483
Eastern Redbud, Cercis canadensis, 40.5118019618397, -75.78499668179082
Eastern Redbud, Cercis canadensis, 40.51182792358183, -75.78501949393561
Eastern Redbud, Cercis canadensis, 40.51188542477436, -75.78505167650725
Eastern Redbud, Cercis canadensis, 40.511908024901686, -75.78506274507366
Flowering Dogwood, Cornus florida, 40.51208757498231, -75.78518424320893
Douglas-Fir , Pseudotsuga menziesii, 40.512299549091516, -75.78545136289242
Dawn Redwood , Metasequoia glyptostroboides, 40.5122906451995, -75.78552471540104
Norway Spruce, Picea abies, 40.512341575043706, -75.78555744753507
Norway Maple, Acer platanoides, 40.51243465829383, -75.78555161454035
Sugar Maple, Acer saccharum, 40.51233887319428, -75.78541551963725
Sweetbay Magnolia, Magnolia virginiana, 40.512377243055106, -75.78523507988608
Sweetbay Magnolia, Magnolia virginiana, 40.51243992469408, -75.7851889824213
Spp. Cherry/Plum, Prunus spp., 40.512417630451885, -75.78506659932094
Ginkgo , Ginkgo biloba, 40.51255558481398, -75.78485152567801
Ginkgo , Ginkgo biloba, 40.51257776913981, -75.78488667605171
Ginkgo , Ginkgo biloba, 40.5125957681211, -75.78491994216927
Ginkgo , Ginkgo biloba, 40.51261867376656, -75.78495234719585
Ginkgo , Ginkgo biloba, 40.51264156693486, -75.78498658757454
Ginkgo , Ginkgo biloba, 40.512664877978665, -75.78495931312123
Ginkgo , Ginkgo biloba, 40.5126377592897, -75.78492777726906
Ginkgo , Ginkgo biloba, 40.512619769311165, -75.78489451241384
Ginkgo , Ginkgo biloba, 40.51260180773598, -75.78485573794337
Ginkgo , Ginkgo biloba, 40.51258171607249, -75.78482152911319
Ginkgo , Ginkgo biloba, 40.512660790266686, -75.78473613885312
Ginkgo , Ginkgo biloba, 40.51268850910896, -75.78478145420392
Ginkgo , Ginkgo biloba, 40.512701573729096, -75.7848183361318
Ginkgo , Ginkgo biloba, 40.512719578974135, -75.78485068285657
Ginkgo , Ginkgo biloba, 40.51273685661734, -75.78488669561175
Ginkgo , Ginkgo biloba, 40.51275600448769, -75.78485294423623
Ginkgo , Ginkgo biloba, 40.51274428001371, -75.78482434286096
Ginkgo , Ginkgo biloba, 40.51273116550485, -75.78479480695985
Ginkgo , Ginkgo biloba, 40.51270758488806, -75.78475964025657
Ginkgo , Ginkgo biloba, 40.51268684667486, -75.78471716008666
Northern Red Oak, Quercus rubra, 40.51261208026523, -75.78442419066923
Thornless Gleditsia Honeylocust, triacanthos inermis, 40.51254768613217, -75.78440277081597
Norway Maple, Acer platanoides, 40.51245895411981, -75.78458776144352
Thornless Gleditsia Honeylocust, triacanthos inermis, 40.51239609436481, -75.7845513274109
Thornless Gleditsia Honeylocust, triacanthos inermis, 40.51235521428098, -75.78444750407482
Thornless Gleditsia Honeylocust, triacanthos inermis, 40.512427751957304, -75.78432433304765
Norway Spruce, Picea abies, 40.51214506937967, -75.78381217128225
Norway Spruce, Picea abies, 40.51210937118306, -75.78385541596714
Norway Spruce, Picea abies, 40.512088525810796, -75.78385790221769
Norway Spruce, Picea abies, 40.51207573533553, -75.7839014147967
Norway Spruce, Picea abies, 40.512038160086846, -75.78391325649109
Winterberry Holly, Ilex verticillata, 40.51196315520021, -75.78422483208448
Sweetbay Magnolia, Magnolia virginiana, 40.51194126487431, -75.78422730604179
Sweetbay Magnolia, Magnolia virginiana, 40.511890948638715, -75.78426737841403
Sweetbay Magnolia, Magnolia virginiana, 40.511881797359145, -75.78425517667701
Winterberry Holly, Ilex verticillata, 40.51187962123609, -75.78423600003543
White Fringetree, Chionanthus virginicus, 40.51189821792165, -75.78421706540266
Winterberry Holly, Ilex verticillata, 40.51190525246528, -75.78420001211131
White Fringetree, Chionanthus virginicus, 40.511900756556415, -75.78418282567034
White Fringetree, Chionanthus virginicus, 40.511894733937986, -75.78416360421622
White Fringetree, Chionanthus virginicus, 40.51188636202051, -75.78414939552202
White Fringetree, Chionanthus virginicus, 40.51187418682454, -75.78413010240413
White Fringetree, Chionanthus virginicus, 40.51185815829422, -75.78411177361193
White Fringetree, Chionanthus virginicus, 40.511833491129345, -75.78411854126075
White Ash, Fraxinus americana, 40.51177273255735, -75.78416541242632
Green Ash, Fraxinus pennsylvanica, 40.511655115431395, -75.78425661261075
White Ash, Fraxinus americana, 40.51161069850794, -75.78430884977611
White Ash, Fraxinus americana, 40.51154371200392, -75.78436939441487
White Ash, Fraxinus americana, 40.51147730836992, -75.78441440760324
White Ash, Fraxinus americana, 40.51140709200478, -75.78446236373358
Carolina Silverbell, Halesia tetraptera, 40.51131393034547, -75.78452486924628
Carolina Silverbell, Halesia tetraptera, 40.511267308562765, -75.78456613256563
Carolina Silverbell, Halesia tetraptera, 40.511224609855894, -75.78458952391395
American Hophornbeam, Ostrya virginiana, 40.51093675468123, -75.7842450186658
Flowering Dogwood, Cornus florida, 40.51105653125218, -75.78420466066632
Bur Oak, Quercus macrocarpa, 40.51130098901952, -75.78431851423406
Thornless Gleditsia Honeylocust, triacanthos inermis, 40.51116024705351, -75.78402060919363
Thornless Gleditsia Honeylocust, triacanthos inermis, 40.511107640758894, -75.7840662683038
Thornless Gleditsia Honeylocust, triacanthos inermis, 40.511051596108345, -75.78411811595808
Thornless Gleditsia Honeylocust, triacanthos inermis, 40.51095169627866, -75.78392830791331
Thornless Gleditsia Honeylocust, triacanthos inermis, 40.51100225766791, -75.78388262498622
Thornless Gleditsia Honeylocust, triacanthos inermis, 40.51105897179035, -75.78383167494631
American Sycamore, Platanus occidentalis, 40.51084893413839, -75.78365838230866
Douglas-Fir , Pseudotsuga menziesii, 40.510914057782195, -75.78465826150145
Douglas-Fir , Pseudotsuga menziesii, 40.51094417643093, -75.78462479936664
Douglas-Fir , Pseudotsuga menziesii, 40.51101190574038, -75.78455173248399
Sugar Maple, Acer saccharum, 40.511405901130075, -75.78423034647103
Sugar Maple, Acer saccharum, 40.511465335865886, -75.78417942811843
Red Maple, Acer rubrum, 40.51148265743019, -75.78412802029196
Red Maple, Acer rubrum, 40.51143431293575, -75.78414703322821
Sugar Maple, Acer saccharum, 40.51140095226896, -75.78415910200715
Red Maple, Acer rubrum, 40.51137678790146, -75.78411699842543
Sugar Maple, Acer saccharum, 40.51152575016957, -75.78411160076246
Sugar Maple, Acer saccharum, 40.51156743830476, -75.7840738229199
Red Maple, Acer rubrum, 40.51152612448598, -75.78405643553826
Sugar Maple, Acer saccharum, 40.511555594569984, -75.78401762537133
Red Maple, Acer rubrum, 40.51153741694713, -75.7839933887956
Flowering Crabapple, Malus spp., 40.511548857220305, -75.78390987646756
Flowering Crabapple, Malus spp., 40.51152442717995, -75.78390692319503
Flowering Crabapple, Malus spp., 40.51152673949947, -75.78387150301526
Flowering Crabapple, Malus spp., 40.51150481831698, -75.78387188631429
Flowering Crabapple, Malus spp., 40.51150610282671, -75.78382595732099
Flowering Crabapple, Malus spp., 40.51147838729044, -75.78381861505504
Flowering Crabapple, Malus spp., 40.51148248258407, -75.78378994719142
Flowering Crabapple, Malus spp., 40.5114542286654, -75.78379025678056
Eastern Redbud, Cercis canadensis, 40.51127384104747, -75.7838424960075
Eastern Redbud, Cercis canadensis, 40.511266059309634, -75.78391259820938
Eastern Redbud, Cercis canadensis, 40.51125832081726, -75.78397631994886
Flowering Crabapple, Malus spp., 40.51127851700403, -75.78394337326874
Flowering Crabapple, Malus spp., 40.51129091807017, -75.78398116601983
Flowering Crabapple, Malus spp., 40.51127894876832, -75.78402314255311
Flowering Crabapple, Malus spp., 40.51130922204129, -75.78401200919437
Flowering Crabapple, Malus spp., 40.51130108797144, -75.78406232588041
Flowering Crabapple, Malus spp., 40.511333272375055, -75.78405631979723
Flowering Crabapple, Malus spp., 40.5113266582249, -75.78409772015351
Eastern Redbud, Cercis canadensis, 40.511216176495076, -75.78375067002717
Eastern Redbud, Cercis canadensis, 40.511161540762735, -75.78373693444449
Eastern Redbud, Cercis canadensis, 40.51111755580176, -75.78371489169412
Kousa Dogwood, Cornus kousa, 40.511213899104504, -75.78370124961077
Kousa Dogwood, Cornus kousa, 40.511167479577914, -75.78369148125131
Eastern Redbud, Cercis canadensis, 40.511151646435984, -75.78367222728274
Higan Cherry, Prunus subhirtella, 40.51113669240164, -75.78366282644379
Kousa Dogwood, Cornus kousa, 40.511122222819125, -75.78364973913443
Kousa Dogwood, Cornus kousa, 40.51106292733548, -75.78360045179018
Chinese Juniper, Juniperus chinensis, 40.51102299071555, -75.78353539505889
Eastern Redcedar, Juniperus virginiana, 40.5110063082855, -75.78350321244636
Saucer Magnolia Magnolia, x soulangiana, 40.5109527624034, -75.78336725491111
American Holly, Ilex opaca, 40.510969833349, -75.78334346196165
Hinoki Falsecypress, Chamaecyparis obtusa, 40.510971860841494, -75.78324902759775
Japanese Cryptomeria , Cryptomeria japonica, 40.510929005885146, -75.7832675985364
Japanese Cryptomeria , Cryptomeria japonica, 40.511060798192744, -75.78315040611538
Hinoki Falsecypress, Chamaecyparis obtusa, 40.51105170084733, -75.78317675292719
American Holly, Ilex opaca, 40.511087592123815, -75.7832153097409
Japanese Maple, Acer palmatum, 40.511131703230355, -75.78315894103238
Saucer Magnolia Magnolia, x soulangiana, 40.511173547118474, -75.78321909780256
Eastern Redcedar, Juniperus virginiana, 40.51120460753379, -75.78327789925196
Eastern Redcedar, Juniperus virginiana, 40.51121527906585, -75.78329709308154
American Holly, Ilex opaca, 40.511257668406934, -75.78341631260513
American Holly, Ilex opaca, 40.511248122161156, -75.7834424228851
Common Baldcypress, Taxodium distichum, 40.511282840943736, -75.78344528797986
Kousa Dogwood, Cornus kousa, 40.511321280587296, -75.78352386016563
Kousa Dogwood, Cornus kousa, 40.5113069005303, -75.78356798411691
Higan Cherry, Prunus subhirtella, 40.5112851988578, -75.78358249527453
Higan Cherry, Prunus subhirtella, 40.51130588917917, -75.783646713273
Japanese Flowering Cherry, Prunus serrulata, 40.51031007381693, -75.784358683842
English Walnut, Juglans regia, 40.51019208968372, -75.7841628089268
American Holly, Ilex opaca, 40.51008780336508, -75.78426894943823
Norway Maple, Acer platanoides, 40.510065109468115, -75.78425973818624
Norway Spruce, Picea abies, 40.510197492254655, -75.78441408444613
Norway Spruce, Picea abies, 40.510219704835414, -75.7844623460209
Norway Spruce, Picea abies, 40.510241270208375, -75.78450906683901
American Holly, Ilex opaca, 40.50999190415405, -75.78409500684515
Japanese Maple, Acer palmatum, 40.50978431437346, -75.78423946323107
European Beech, Fagus sylvatica, 40.50986317403462, -75.78461297632849
English Walnut, Juglans regia, 40.510079628019525, -75.7847459699503
Eastern Arborvitae, Thuja occidentalis, 40.51010607849173, -75.78479896920771
Eastern Redcedar, Juniperus virginiana, 40.51016417238543, -75.78488051773337
Black Walnut, Juglans nigra, 40.51017628035497, -75.7849295846322
American Sweetgum, Liquidambar styraciflua, 40.5102557171599, -75.78507729177092
Silver Maple, Acer saccharinum, 40.51042811617274, -75.78515210046118
Norway Maple, Acer platanoides, 40.51050750942982, -75.78516431752816
Black Walnut, Juglans nigra, 40.51038262611812, -75.78536484143486
Norway Maple, Acer platanoides, 40.51024790219893, -75.78532186965747
Black Walnut, Juglans nigra, 40.51018799276751, -75.78526095283418
Eastern Hemlock, Tsuga candensis, 40.51018343106342, -75.785228282467
Norway Spruce, Picea abies, 40.51016542211078, -75.78520047282352
Tuliptree , Liriodendron tulipifera, 40.50952826051423, -75.78448288651016
Tuliptree , Liriodendron tulipifera, 40.50948354422517, -75.78453010443214
Pin Oak, Quercus palustris, 40.50954991868871, -75.78480516447395
Eastern White Pine, Pinus strobus, 40.50955878724592, -75.78486429074586
Eastern White Pine, Pinus strobus, 40.50953715924081, -75.78484538251918
American Larch, Larix laricina, 40.50936751130714, -75.78463605088744
Dog Flowering Wood, Cornus florida, 40.50947965729942, -75.7848040125207
Norway Spruce, Picea abies, 40.50952998670328, -75.78490528607247
Norway Maple, Acer platanoides, 40.50957745103476, -75.78495618823548
Black Walnut, Juglans nigra, 40.50962064289002, -75.78503394361668
Norway Spruce, Picea abies, 40.5099015237733, -75.78549363428066
Eastern White Pine, Pinus strobus, 40.50940525949846, -75.78525128301398
Eastern White Pine, Pinus strobus, 40.509406830931404, -75.78512608190286
Norway Maple, Acer platanoides, 40.50944725792292, -75.78499286157961
Japanese Maple, Acer palmatum, 40.50940394022102, -75.7850224839609
American Holly, Ilex opaca, 40.50930310508244, -75.78495069597354
Japanese Cryptomeria , Cryptomeria japonica, 40.50921362652136, -75.78490065444504
Eastern Hemlock, Tsuga candensis, 40.51052764276557, -75.78985207915218
Eastern Hemlock, Tsuga candensis, 40.51046216924401, -75.78970006323306
Eastern Hemlock, Tsuga candensis, 40.51055356687478, -75.78963903455583
Eastern Hemlock, Tsuga candensis, 40.510615355764756, -75.78976997265598
Silver Maple, Acer saccharinum, 40.51062142530569, -75.78966487134603
Scotch Pine, Pinus sylvestris, 40.51082898677247, -75.789273659894
Norway Spruce, Picea abies, 40.51093945554284, -75.78975068645454
Norway Spruce, Picea abies, 40.5108573809091, -75.78979079107391
Spp. Cherry/Plum, Prunus spp., 40.510788150884274, -75.7899550773334
Norway Spruce, Picea abies, 40.510795840633534, -75.7902837074253
Eastern Redcedar, Juniperus virginiana, 40.510816736888465, -75.79033307722526
Norway Spruce, Picea abies, 40.5108162299555, -75.79040719294737
Norway Spruce, Picea abies, 40.51045511189771, -75.7905503774152
Norway Spruce, Picea abies, 40.51050072099827, -75.79058897521081
Norway Spruce, Picea abies, 40.510553374612144, -75.79060261502754
Red Maple, Acer rubrum, 40.50896451958474, -75.7895862232358
Thornless Gleditsia Honeylocust, triacanthos inermis, 40.50695349979578, -75.78281656569786
Thornless Gleditsia Honeylocust, triacanthos inermis, 40.50685504424503, -75.78276433299152
Thornless Gleditsia Honeylocust, triacanthos inermis, 40.50680989303004, -75.78271759346924
Honeylocust , Gleditsia triacanthos, 40.50682508261961, -75.78267360914717
Silver Maple, Acer saccharinum, 40.50673054857527, -75.78262629683807
Black Cherry, Prunus serotina, 40.50673686204589, -75.78262123488861
Silver Maple, Acer saccharinum, 40.50672128314368, -75.7826056489572
Silver Maple, Acer saccharinum, 40.50671037378313, -75.782596279481
Silver Maple, Acer saccharinum, 40.506697127196325, -75.78258482917757
Silver Maple, Acer saccharinum, 40.50665945267654, -75.78255414223752
Silver Maple, Acer saccharinum, 40.506657968699564, -75.7825418018393
Silver Maple, Acer saccharinum, 40.506648508538355, -75.78254990770755
Black Cherry, Prunus serotina, 40.50660792041837, -75.78252376165008
White Mulberry, Morus alba, 40.50659146945315, -75.78252254243263
White Mulberry, Morus alba, 40.50657116740606, -75.78250998333152
Black Cherry, Prunus serotina, 40.50652639158476, -75.78252486771007
White Mulberry, Morus alba, 40.50653683016048, -75.78248801729382
White Mulberry, Morus alba, 40.50651652115687, -75.78247648496132
Higan Cherry, Prunus subhirtella, 40.50648343146753, -75.78250177463218
Black Walnut, Juglans nigra, 40.50647666315969, -75.78245959011818
Black Walnut, Juglans nigra, 40.506451759068284, -75.78246277537654
Black Cherry, Prunus serotina, 40.50643051543313, -75.78247485277326
White Mulberry, Morus alba, 40.506441155621864, -75.7824082232073
White Mulberry, Morus alba, 40.50641208879587, -75.78241815486979
Silver Maple, Acer saccharinum, 40.506396057919524, -75.78246931699165
Silver Maple, Acer saccharinum, 40.50639513711906, -75.78237379723831
Black Walnut, Juglans nigra, 40.50634419385888, -75.78237217842387
Black Walnut, Juglans nigra, 40.50633645408582, -75.78235771056107
Black Cherry, Prunus serotina, 40.506311125046444, -75.78239438784888
Black Walnut, Juglans nigra, 40.506269704508014, -75.78237542130051
White Mulberry, Morus alba, 40.50624819165413, -75.78233544972447
Black Walnut, Juglans nigra, 40.506217682547486, -75.78232687943834
Black Cherry, Prunus serotina, 40.50618941823436, -75.7823327131352
Black Walnut, Juglans nigra, 40.506176275906334, -75.78230585829309
Hybrid Elm, Ulmus x, 40.50658576518118, -75.78186397262158
White Ash, Fraxinus americana, 40.506703306135904, -75.78180374073033
White Ash, Fraxinus americana, 40.506715117779, -75.78176497513282
White Ash, Fraxinus americana, 40.50674623059079, -75.7817988359175
Amur Corktree , Phellodendron amurense, 40.50678682293623, -75.78165125924353
Norway Maple, Acer platanoides, 40.50685349140186, -75.78179467818082
Amur Corktree , Phellodendron amurense, 40.506934932024286, -75.78194907670444
White Ash, Fraxinus americana, 40.50702101484634, -75.782076434034
Black Cherry, Prunus serotina, 40.50705211292918, -75.7821124572059
Black Cherry, Prunus serotina, 40.5072946383592, -75.78235638503715
Norway Maple, Acer platanoides, 40.506795169521126, -75.78288028506744
Norway Maple, Acer platanoides, 40.506673799528784, -75.783170472507
Swamp White Oak, Quercus bicolor, 40.50650974539156, -75.78346455041185
Swamp White Oak, Quercus bicolor, 40.50640755000752, -75.78366231657128
European Hornbeam, Carpinus betulus, 40.50635943587066, -75.78374832388467
European Hornbeam, Carpinus betulus, 40.506300301984474, -75.7838678035722
European Hornbeam, Carpinus betulus, 40.50624616878992, -75.78398715243924
Willow Oak, Quercus phellos, 40.506192117897506, -75.7840943536876
Willow Oak, Quercus phellos, 40.50610400527488, -75.78426646274167
Green Ash, Fraxinus pennsylvanica, 40.50602896072998, -75.7844178602508
Green Ash, Fraxinus pennsylvanica, 40.505958408667716, -75.78456435507209
Norway Maple, Acer platanoides, 40.505889039103096, -75.784707825401
Norway Maple, Acer platanoides, 40.505845645906184, -75.78478173683307
Norway Maple, Acer platanoides, 40.505814988901456, -75.78485731562047
Swamp White Oak, Quercus bicolor, 40.50573306601109, -75.78502518579658
Swamp White Oak, Quercus bicolor, 40.50568608196705, -75.78511576139336
European Hornbeam, Carpinus betulus, 40.50556236277486, -75.78522319639484
Green Ash, Fraxinus pennsylvanica, 40.505195643287664, -75.78500367455483
European Hornbeam, Carpinus betulus, 40.50553693457766, -75.78442142935157
European Hornbeam, Carpinus betulus, 40.50557616337704, -75.78432791282913
Green Ash, Fraxinus pennsylvanica, 40.50567777355743, -75.78404661360045
European Hornbeam, Carpinus betulus, 40.50575448805175, -75.78384551789814
Green Ash, Fraxinus pennsylvanica, 40.50580710037922, -75.78371395183129
European Hornbeam, Carpinus betulus, 40.505902703191715, -75.78346143678809
Red Maple, Acer rubrum, 40.5059702604982, -75.78324352673262
Red Maple, Acer rubrum, 40.506021882295315, -75.78315300338986
Green Ash, Fraxinus pennsylvanica, 40.50609043028691, -75.78294036927772
Green Ash, Fraxinus pennsylvanica, 40.50619781908628, -75.78266065196941
Swamp White Oak, Quercus bicolor, 40.50619840857149, -75.7824458921424
Red Maple, Acer rubrum, 40.505794000959526, -75.78310540168937
White Ash, Fraxinus americana, 40.505376156049024, -75.78201912892771
White Ash, Fraxinus americana, 40.50554384399346, -75.7815988401538
White Ash, Fraxinus americana, 40.50555187556664, -75.78156485142918
White Ash, Fraxinus americana, 40.50556492946364, -75.78155818704005
White Ash, Fraxinus americana, 40.505704919636365, -75.78124625660413
White Ash, Fraxinus americana, 40.50573363326887, -75.781231253627
Northern Catalpa, Catalpa speciosa, 40.505745666436255, -75.78118367813256
White Ash, Fraxinus americana, 40.506699980129554, -75.78136710990249
White Ash, Fraxinus americana, 40.506697057108006, -75.78137704922626
White Ash, Fraxinus americana, 40.506720299798715, -75.78145834898693
Higan Cherry, Prunus subhirtella, 40.50659460353965, -75.77999621745471
Higan Cherry, Prunus subhirtella, 40.50653250014836, -75.78006772063108
Higan Cherry, Prunus subhirtella, 40.5064740644895, -75.78007766475439
Callery Pear, Pyrus calleryana, 40.506484596194426, -75.77995883286187
Higan Cherry, Prunus subhirtella, 40.50705171670363, -75.77999182328425
Red Maple, Acer rubrum, 40.5070740328122, -75.78025054501265
Eastern Arborvitae, Thuja occidentalis, 40.507224728562015, -75.78001905845753
Red Maple, Acer rubrum, 40.507262222031294, -75.78004863976898
Sugar Maple, Acer saccharum, 40.50756214915943, -75.78038569183876
Higan Cherry, Prunus subhirtella, 40.507842522417214, -75.78018571778622
Higan Cherry, Prunus subhirtella, 40.50774349673291, -75.78002425926832
Higan Cherry, Prunus subhirtella, 40.5078132202018, -75.7799489587433
Higan Cherry, Prunus subhirtella, 40.50785717603483, -75.78002881509042
Sugar Maple, Acer saccharum, 40.507909735940544, -75.78011524747846
Littleleaf Linden, Tilia cordata, 40.50791668066138, -75.78000197550752
Thornless Gleditsia Honeylocust, triacanthos inermis, 40.50784857461857, -75.77983763535178
Norway Maple, Acer platanoides, 40.50778037151442, -75.77961687677904
Eastern Arborvitae, Thuja occidentalis, 40.507665807667905, -75.7793775118078
Eastern Arborvitae, Thuja occidentalis, 40.50753998721595, -75.77915744834382
European Mountainash, Sorbus aucuparia, 40.50760226364209, -75.77908692018525
Thornless Gleditsia Honeylocust, triacanthos inermis, 40.50807346518297, -75.7791174766949
Bur Oak, Quercus macrocarpa, 40.50793775247984, -75.77926488322454
Red Maple, Acer rubrum, 40.50801514058751, -75.779335410155
Red Maple, Acer rubrum, 40.50808135805844, -75.78027892533053
Red Maple, Acer rubrum, 40.50811385640057, -75.7802344037261
Green Ash, Fraxinus pennsylvanica, 40.508079993465365, -75.78017414694925
Red Maple, Acer rubrum, 40.50827885168148, -75.77994515517462
Green Ash, Fraxinus pennsylvanica, 40.50829310800221, -75.7798323933455
Bur Oak, Quercus macrocarpa, 40.508366013241265, -75.77985295114362
Green Ash, Fraxinus pennsylvanica, 40.50844462921935, -75.77996040248789
Northern Red Oak, Quercus rubra, 40.508352377160776, -75.78011005029768
Red Maple, Acer rubrum, 40.50842752903331, -75.78014210338952
Green Ash, Fraxinus pennsylvanica, 40.50851879887995, -75.78013796419717
Red Maple, Acer rubrum, 40.50854633416063, -75.77987842641072
Green Ash, Fraxinus pennsylvanica, 40.50857343093299, -75.77997748648069
Northern Red Oak, Quercus rubra, 40.50860055417122, -75.78007394791757
Green Ash, Fraxinus pennsylvanica, 40.508655115737234, -75.78021750035107
Green Ash, Fraxinus pennsylvanica, 40.50857950775552, -75.7802530044546
Red Maple, Acer rubrum, 40.508419639730306, -75.78031652702721
Kousa Dogwood, Cornus kousa, 40.5082545170466, -75.78028035393143
Kousa Dogwood, Cornus kousa, 40.50820533698189, -75.78032180233623
Kousa Dogwood, Cornus kousa, 40.50816592075284, -75.78036618121418
Red Maple, Acer rubrum, 40.50826950278326, -75.78071325629917
Spp. Serviceberry, Amelanchier spp., 40.50836172252007, -75.78081253692613
Sugar Maple, Acer saccharum, 40.50837406489024, -75.7809151615848
Green Ash, Fraxinus pennsylvanica, 40.50848227703844, -75.78081820545863
Red Maple, Acer rubrum, 40.50858562651826, -75.780716922309
Bur Oak, Quercus macrocarpa, 40.5087036390413, -75.78059079120995
Thornless Gleditsia Honeylocust, triacanthos inermis, 40.50883126346248, -75.78051540966268
Red Maple, Acer rubrum, 40.50904280565235, -75.78010779289062
Green Ash, Fraxinus pennsylvanica, 40.50896313660494, -75.78000155454514
Green Ash, Fraxinus pennsylvanica, 40.5087881822531, -75.77976824715009
Red Maple, Acer rubrum, 40.50871776249006, -75.77969309138196
Bur Oak, Quercus macrocarpa, 40.50866951021369, -75.7796037373418
Thornless Gleditsia Honeylocust, triacanthos inermis, 40.50856586071379, -75.77943715357546
Thornless Gleditsia Honeylocust, triacanthos inermis, 40.50843447927189, -75.77928695287468
Flowering Dogwood, Cornus florida, 40.50857260068944, -75.77960656201846
Green Ash, Fraxinus pennsylvanica, 40.50850504116186, -75.77957480392249
Green Ash, Fraxinus pennsylvanica, 40.508249176775465, -75.77941903204066
Thornless Gleditsia Honeylocust, triacanthos inermis, 40.50817668903121, -75.77938865483256
Red Maple, Acer rubrum, 40.50818728946174, -75.77921944811243
Green Ash, Fraxinus pennsylvanica, 40.50796950609942, -75.77974072522477
Higan Cherry, Prunus subhirtella, 40.50801384242983, -75.78060219237295
Red Maple, Acer rubrum, 40.50741411985575, -75.78048772599202
Colorado Spruce, Picea pungens, 40.507437469249524, -75.78100132480091
Norway Spruce, Picea abies, 40.507360898320414, -75.78105263785322
Sugar Maple, Acer saccharum, 40.507198496783616, -75.78150013278679
Norway Maple, Acer platanoides, 40.507191344558265, -75.78179967900512
Norway Maple, Acer platanoides, 40.50732195866154, -75.78167799254129
Norway Maple, Acer platanoides, 40.50751117978423, -75.78150903354391
Eastern Arborvitae, Thuja occidentalis, 40.507579337261475, -75.78158950080835
Silver Linden, Tilia tomentosa, 40.50769533643732, -75.78158937213843
Norway Maple, Acer platanoides, 40.50773586053388, -75.78175952379631
Flowering Dogwood, Cornus florida, 40.50762164524142, -75.78182754619317
Flowering Dogwood, Cornus florida, 40.50771836022073, -75.78201458057518
Flowering Dogwood, Cornus florida, 40.50778174725356, -75.78211832505612
Flowering Dogwood, Cornus florida, 40.5078040093617, -75.78199169120332
Flowering Dogwood, Cornus florida, 40.50775066015742, -75.78188631184273
Norway Maple, Acer platanoides, 40.507837382775854, -75.78188584367328
Norway Maple, Acer platanoides, 40.50797195298863, -75.78213676489516
Norway Maple, Acer platanoides, 40.50782975033808, -75.78246908532554
Eastern Arborvitae, Thuja occidentalis, 40.50774193167076, -75.78246511393883
Norway Maple, Acer platanoides, 40.50771868192783, -75.78257255406274
Sugar Maple, Acer saccharum, 40.5075952302346, -75.78250914836791
Eastern Arborvitae, Thuja occidentalis, 40.50755642254974, -75.78225196257941
Eastern Arborvitae, Thuja occidentalis, 40.50751178118632, -75.78219242396881
Flowering Dogwood, Cornus florida, 40.50792883940517, -75.78251425582123
Map Y Norway Le, Acer platanoides, 40.50779565708387, -75.78272370267372
Sugar Maple, Acer saccharum, 40.50800770996615, -75.78300798920597
Common Hackberry, Celtis occidentalis, 40.508202580208916, -75.78314636109118
Sugar Maple, Acer saccharum, 40.50827871865665, -75.78321216884633
Sugar Maple, Acer saccharum, 40.508401800892806, -75.78310272849787
American Sweetgum, Liquidambar styraciflua, 40.50832043216893, -75.78297783928898
Thornless Gleditsia Honeylocust, triacanthos inermis, 40.508301013452275, -75.78285219539842
Spp. Hawthorn, Crataegus spp., 40.508544718245446, -75.78295241337862
Sugar Maple, Acer saccharum, 40.50861291823597, -75.78286024970028
Sugar Maple, Acer saccharum, 40.50853996103822, -75.78265725634667
Sugar Maple, Acer saccharum, 40.508599878978735, -75.78262401578746
Norway Maple, Acer platanoides, 40.50852214755216, -75.78246080583722
Thornless Gleditsia Honeylocust, triacanthos inermis, 40.508425532484154, -75.7823975143454
Flowering Dogwood, Cornus florida, 40.508258805983004, -75.78231623148126
Flowering Dogwood, Cornus florida, 40.50820737911104, -75.78224765257463
Japanese Flowering Cherry, Prunus serrulata, 40.50841130548622, -75.78212765372693
Norway Maple, Acer platanoides, 40.508467076310225, -75.78199233852709
Sugar Maple, Acer saccharum, 40.50818956260156, -75.78159482190888
Eastern Arborvitae, Thuja occidentalis, 40.508207760948494, -75.78153482056678
Norway Maple, Acer platanoides, 40.508118089728164, -75.78142112436488
Thornless Gleditsia Honeylocust, triacanthos inermis, 40.508047406975656, -75.78135038004301
Sugar Maple, Acer saccharum, 40.50795048840601, -75.78121329311334
Sugar Maple, Acer saccharum, 40.507839999060714, -75.78132855008472
Flowering Dogwood, Cornus florida, 40.50788657132156, -75.78167676649828
Eastern Hemlock, Tsuga candensis, 40.50797229154485, -75.78171660743199
Norway Maple, Acer platanoides, 40.50876201961354, -75.78287953347437
Flowering Crabapple, Malus spp., 40.50865035396877, -75.78295010102926
Norway Spruce, Picea abies, 40.50858775959416, -75.78321741661061
Colorado Spruce, Picea pungens, 40.50853160681839, -75.7831895704431
Norway Maple, Acer platanoides, 40.50846636422179, -75.78341023868418
Spp. Yew, Taxus spp., 40.50881077410033, -75.78334237908471
Ginkgo , Ginkgo biloba, 40.50888915511192, -75.78340560647116
Pin Oak, Quercus palustris, 40.50898543777657, -75.7831988950816
Kousa Dogwood, Cornus kousa, 40.508819001236, -75.78303768632335
Norway Maple, Acer platanoides, 40.5089417022856, -75.78287012802926
Norway Maple, Acer platanoides, 40.50886084038889, -75.78277012832747
Norway Maple, Acer platanoides, 40.508802482650914, -75.78263154319187
Norway Maple, Acer platanoides, 40.50874827642754, -75.78253573820096
Norway Maple, Acer platanoides, 40.50869405697721, -75.78244187480607
Norway Maple, Acer platanoides, 40.508620661018945, -75.78233419283882
Eastern Redbud, Cercis canadensis, 40.50872813121203, -75.78217400481543
Eastern Redbud, Cercis canadensis, 40.50879886246028, -75.78215632300464
Eastern Redbud, Cercis canadensis, 40.5088206167361, -75.78212735970817
Eastern Redbud, Cercis canadensis, 40.50882833846459, -75.78208459968666
Eastern Redbud, Cercis canadensis, 40.5088049589208, -75.78202492107415
Eastern Redbud, Cercis canadensis, 40.5087567403763, -75.78201072728116
Eastern Redbud, Cercis canadensis, 40.50873125916684, -75.78204062104298
Eastern Redbud, Cercis canadensis, 40.50870391175844, -75.78212795134246
Northern Red Oak, Quercus rubra, 40.509442481768815, -75.78284173435416
Norway Spruce, Picea abies, 40.50972630117716, -75.78242216430411
Norway Spruce, Picea abies, 40.50969086684394, -75.78236397823686
Norway Spruce, Picea abies, 40.50966903572249, -75.78233242956782
Norway Spruce, Picea abies, 40.50963275583086, -75.78226340199889
Norway Spruce, Picea abies, 40.50960729007865, -75.78222579390035
Norway Spruce, Picea abies, 40.5095800672495, -75.78217492580451
Norway Spruce, Picea abies, 40.509611666000175, -75.78212233330211
Tuliptree , Liriodendron tulipifera, 40.509723541828556, -75.78201530695705
Norway Spruce, Picea abies, 40.50977766119956, -75.78190701807463
Norway Spruce, Picea abies, 40.509725070057996, -75.78180409953305
Norway Spruce, Picea abies, 40.50963654022994, -75.78171881797253
Norway Spruce, Picea abies, 40.50955437617462, -75.7816420356462
Norway Spruce, Picea abies, 40.50947770528499, -75.78158822129075
Norway Spruce, Picea abies, 40.509386385356564, -75.78150651970046
Norway Spruce, Picea abies, 40.5093015387691, -75.7814200778024
Eastern Arborvitae, Thuja occidentalis, 40.50922362752903, -75.7815150288011
Eastern Arborvitae, Thuja occidentalis, 40.50916357865278, -75.7815636804254
Eastern Arborvitae, Thuja occidentalis, 40.50908034087102, -75.78164696679336
Eastern Arborvitae, Thuja occidentalis, 40.50904243349451, -75.78168263461087
Sugar Maple, Acer saccharum, 40.50866988387814, -75.78144370167172
Sugar Maple, Acer saccharum, 40.5085610180238, -75.78124023276828
Spp. Hawthorn, Crataegus spp., 40.5089315355331, -75.78106158285796
Bur Oak, Quercus macrocarpa, 40.50909001690869, -75.78071937479568
Red Maple, Acer rubrum, 40.50907839778536, -75.7805363289326
Green Ash, Fraxinus pennsylvanica, 40.509166959858796, -75.78047959495846
Spp. Serviceberry, Amelanchier spp., 40.509176805549814, -75.78038103405011
Green Ash, Fraxinus pennsylvanica, 40.50930363267079, -75.7806424301354
London Platanus Planetree, x acerifolia, 40.51009494878338, -75.7813816708696
London Platanus Planetree, x acerifolia, 40.51004095912088, -75.78114974069875
London Platanus Planetree, x acerifolia, 40.509937484769765, -75.78111618971054
Norway Maple, Acer platanoides, 40.51008033006998, -75.78161438999047
Higan Cherry, Prunus subhirtella, 40.51020967659637, -75.78187182931846
Higan Cherry, Prunus subhirtella, 40.5100992669483, -75.7818553927493
Japanese Cryptomeria , Cryptomeria japonica, 40.51054319543999, -75.78199145127833
Pondcypress , Taxodium ascendens, 40.5106347498023, -75.78191198765472
Green Ash, Fraxinus pennsylvanica, 40.51065413594761, -75.78201596903175
Sugar Maple, Acer saccharum, 40.510719055027124, -75.78202911200955
Pignut Hickory, Carya glabra, 40.51093581729398, -75.78200784398102
Swamp White Oak, Quercus bicolor, 40.51103199763936, -75.78194237113757
Austrian Pine, Pinus nigra, 40.510897419700484, -75.78191757879374
Eastern White Pine, Pinus strobus, 40.510785456268245, -75.78186982018083
European Beech, Fagus sylvatica, 40.510718767288594, -75.78159494431708
European Beech, Fagus sylvatica, 40.51066973072276, -75.78150455614485
European Beech, Fagus sylvatica, 40.510606670833916, -75.78139232493652
European Beech, Fagus sylvatica, 40.51054817406993, -75.78130337586231
European Larch, Larix decidua, 40.51023016722004, -75.78151026375313
London Platanus Planetree, x acerifolia, 40.5101650784046, -75.78149823127593
Scarlet Oak, Quercus coccinea, 40.50931374525505, -75.78419958231373
Flowering Crabapple, Malus spp., 40.5094661128021, -75.78412251459063
Colorado Spruce, Picea pungens, 40.50960460878891, -75.78406770036305
Dog Flowering Wood, Cornus florida, 40.5096305492877, -75.78396487580993
Kousa Dogwood, Cornus kousa, 40.50957363889391, -75.78381633358896
Hybrid Holly, Ilex x, 40.509564202034305, -75.78379841274207
Kousa Dogwood, Cornus kousa, 40.50953661564131, -75.78375343312946
Kousa Dogwood, Cornus kousa, 40.509400713085874, -75.78357198414764
Higan Cherry, Prunus subhirtella, 40.509388631121986, -75.78321998982572
Higan Cherry, Prunus subhirtella, 40.509453861594594, -75.78299175007353
Mugo Pine, Pinus mugo, 40.50950455131085, -75.78328600205178
Mugo Pine, Pinus mugo, 40.50951057413719, -75.78346335311655
Flowering Dogwood, Cornus florida, 40.50953331157709, -75.78330934340131
Flowering Dogwood, Cornus florida, 40.50955210622085, -75.78327978980144
Japanese Cryptomeria , Cryptomeria japonica, 40.50950180103527, -75.78323454608382
Japanese Cryptomeria , Cryptomeria japonica, 40.509524675547524, -75.783211805511
Mugo Pine, Pinus mugo, 40.50954951186532, -75.7832053288935
Norway Maple, Acer platanoides, 40.5095811694225, -75.78310690707609
Star Magnolia, Magnolia stellata, 40.50956583232483, -75.78362444721658
Spp. Hawthorn, Crataegus spp., 40.509855412050676, -75.78382125974967
White Oak, Quercus alba, 40.509996429672555, -75.78366958118089
White Fir, Abies concolor, 40.51012901026711, -75.78361157006405
Corneliancherry Dogwood, Cornus mas, 40.51015371228792, -75.78351728630773
American Sweetgum, Liquidambar styraciflua, 40.510351483149215, -75.78348287639045
American Linden, Tilia americana, 40.510409987103955, -75.78330342934619
White Fir, Abies concolor, 40.510442412059845, -75.78321541043212
White Ash, Fraxinus americana, 40.510502144838064, -75.78322944788799
Northern Red Oak, Quercus rubra, 40.51050280845692, -75.78315678961069
Star Magnolia, Magnolia stellata, 40.5105962674674, -75.78303035594966
Colorado Spruce, Picea pungens, 40.51061925954506, -75.78315111786094
Japanese Maple, Acer palmatum, 40.510668077252504, -75.78309681790196
White Fir, Abies concolor, 40.510706748408836, -75.78308543371547
White Fir, Abies concolor, 40.51075553692643, -75.78303543680862
Japanese Maple, Acer palmatum, 40.51077794656926, -75.78300019411115
White Fir, Abies concolor, 40.51082504283015, -75.78295663149756
Star Magnolia, Magnolia stellata, 40.51076091059509, -75.78287922621531
Tuliptree , Liriodendron tulipifera, 40.51095964554787, -75.78275566359895
American Linden, Tilia americana, 40.51118662341438, -75.78259748097977
American Linden, Tilia americana, 40.51124795848942, -75.78253057204671
American Linden, Tilia americana, 40.511285196915566, -75.78250326207818
Horsechestnut , Aesculus hippocastanum, 40.511323876928735, -75.78245863071882
Higan Cherry, Prunus subhirtella, 40.51129403705458, -75.78236985348182
White Fir, Abies concolor, 40.51124749131152, -75.78240399106124
Norway Maple, Acer platanoides, 40.511155644553476, -75.78248268292126
Silver Maple, Acer saccharinum, 40.51066348544486, -75.78319478426289
Red Maple, Acer rubrum, 40.51127549379636, -75.78262173984895
Sugar Maple, Acer saccharum, 40.511065092663024, -75.78242336154648
White Oak, Quercus alba, 40.51103948358092, -75.78229648872275
Callery Pear, Pyrus calleryana, 40.511109435343776, -75.78212911335652
Silver Maple, Acer saccharinum, 40.51097718756483, -75.78211543934569
Norway Maple, Acer platanoides, 40.51061867656156, -75.78211720280513
White Ash, Fraxinus americana, 40.51060753599084, -75.78247067562147
Colorado Spruce, Picea pungens, 40.510521139430395, -75.78249750126416
Colorado Spruce, Picea pungens, 40.51043664850981, -75.7826127499198
Norway Maple, Acer platanoides, 40.51046614043748, -75.78250013619238
Norway Spruce, Picea abies, 40.51045193779557, -75.78238374146844
Sugar Maple, Acer saccharum, 40.51039662656613, -75.7822488607781
Black Locust, Robinia pseudoacacia, 40.51032313437391, -75.78221526561367
Japanese Cryptomeria , Cryptomeria japonica, 40.51034307904259, -75.7824070318568
Japanese Cryptomeria , Cryptomeria japonica, 40.51030969811948, -75.78235425850693
Japanese Cryptomeria , Cryptomeria japonica, 40.51026763466294, -75.7822931987306
Pecan , Carya illinoinensis, 40.510198463213776, -75.78280955059113
Japanese Flowering Cherry, Prunus serrulata, 40.51006836312772, -75.7828325931961
American Holly, Ilex opaca, 40.51006484622769, -75.7831681446533
Flowering Crabapple, Malus spp., 40.509938826286216, -75.78314212312341
Colorado Spruce, Picea pungens, 40.50980570431099, -75.78280808056043
Pignut Hickory, Carya glabra, 40.51066436312172, -75.78234972029718
Flowering Crabapple, Malus spp., 40.509113664740575, -75.78223541637257
Colorado Spruce, Picea pungens, 40.50915149921414, -75.78233829855272
Norway Maple, Acer platanoides, 40.50926503431198, -75.78247323861085
Norway Maple, Acer platanoides, 40.509426040294514, -75.78231499219856
Kousa Dogwood, Cornus kousa, 40.50961886265847, -75.7819534851969
Norway Maple, Acer platanoides, 40.50950195193089, -75.78198182157578
Japanese Pagodatree , Styphnolobium japonicum, 40.50941193562542, -75.7818872408186
Flowering Crabapple, Malus spp., 40.50932534440745, -75.7817897316072
Paperbark Maple, Acer griseum, 40.511147783710946, -75.78193511613314
Callery Pear, Pyrus calleryana, 40.511153781142625, -75.78205396264639
Flowering Dogwood, Cornus florida, 40.51127034019429, -75.7820775875776
Higan Cherry, Prunus subhirtella, 40.51136926422585, -75.7823321386999
White Oak, Quercus alba, 40.511409550611056, -75.7824068425713
Norway Maple, Acer platanoides, 40.51171823314937, -75.78222016447127
American Sweetgum, Liquidambar styraciflua, 40.51185275630751, -75.78209997984254
Higan Cherry, Prunus subhirtella, 40.511998408985626, -75.7818740729819
Higan Cherry, Prunus subhirtella, 40.511964994780605, -75.78178756945798
Higan Cherry, Prunus subhirtella, 40.51203669583354, -75.78174237526365
European Beech, Fagus sylvatica, 40.51192788290538, -75.78157779137508
Silver Maple, Acer saccharinum, 40.51182891455805, -75.78146677236103
Eastern Arborvitae, Thuja occidentalis, 40.511826815774235, -75.78177705648638
Eastern Redbud, Cercis canadensis, 40.51180531483213, -75.78177924184952
Japanese Flowering Cherry, Prunus serrulata, 40.51177824101722, -75.78182217090385
Eastern Arborvitae, Thuja occidentalis, 40.511624725717994, -75.78196391166071
Eastern Arborvitae, Thuja occidentalis, 40.51161354594598, -75.78197718940983
Japanese Maple, Acer palmatum, 40.51156483350612, -75.78199338215497
Eastern Hemlock, Tsuga candensis, 40.51151494015558, -75.78205760732286
Flowering Dogwood, Cornus florida, 40.51149467020072, -75.78202832105099
Flowering Dogwood, Cornus florida, 40.51148291438874, -75.78200025267805
Norway Spruce, Picea abies, 40.511520645084836, -75.78196940580891
Japanese Maple, Acer palmatum, 40.51156095676496, -75.78193523786958
Eastern Arborvitae, Thuja occidentalis, 40.51159967173227, -75.7818854081386
Japanese Flowering Cherry, Prunus serrulata, 40.51167095532999, -75.78181137695185
Japanese Stewartia, Stewartia pseudocamellia, 40.5117763589099, -75.78173550626303
Red Maple, Acer rubrum, 40.51104931556505, -75.78156375679188
Red Maple, Acer rubrum, 40.511086319483795, -75.78153112619869
Red Maple, Acer rubrum, 40.511138835825065, -75.78148130336047
Red Maple, Acer rubrum, 40.51125349628355, -75.78137538707979
Red Maple, Acer rubrum, 40.511318618891075, -75.78131847007054
Red Maple, Acer rubrum, 40.511397902378974, -75.78124571650139
Red Maple, Acer rubrum, 40.51149004369363, -75.7811579763463
Pignut Hickory, Carya glabra, 40.51171614679467, -75.78113421810384
Japanese Maple, Acer palmatum, 40.51068511978979, -75.78062327173502
Eastern White Pine, Pinus strobus, 40.51048216533748, -75.78095031003889
Eastern White Pine, Pinus strobus, 40.510460316472006, -75.78097331855112
Eastern White Pine, Pinus strobus, 40.51046599875648, -75.78100698498731
Eastern White Pine, Pinus strobus, 40.51047071688413, -75.78103934777887
Eastern White Pine, Pinus strobus, 40.5104399772134, -75.78106354556367
Eastern White Pine, Pinus strobus, 40.51044754518278, -75.78111144979299
Eastern White Pine, Pinus strobus, 40.51040429232664, -75.78108897840914
Eastern White Pine, Pinus strobus, 40.51038229466633, -75.78113266215522
Eastern White Pine, Pinus strobus, 40.51036018665023, -75.78109671361341
Norway Spruce, Picea abies, 40.51033975638453, -75.78105512133895
Norway Spruce, Picea abies, 40.51031218974738, -75.78104704791092
Norway Spruce, Picea abies, 40.51027946855079, -75.78107251510515
Norway Spruce, Picea abies, 40.510264912693444, -75.78103616088346
Norway Spruce, Picea abies, 40.51024125697323, -75.78103459396398
Norway Spruce, Picea abies, 40.51022868262675, -75.78099697030102
Norway Spruce, Picea abies, 40.51005165352117, -75.78089102782425
Norway Spruce, Picea abies, 40.5100289357544, -75.78089464048287
Norway Spruce, Picea abies, 40.510023218227495, -75.78086485123185
Norway Spruce, Picea abies, 40.51000242985971, -75.78087624100681
Norway Spruce, Picea abies, 40.509997677035855, -75.78085033914265
Norway Spruce, Picea abies, 40.509973951181024, -75.78085781748172
Eastern White Pine, Pinus strobus, 40.509971231986256, -75.78082160076534
Eastern White Pine, Pinus strobus, 40.50993862434694, -75.78083026972514
Eastern White Pine, Pinus strobus, 40.50994676871819, -75.78079288657683
Eastern White Pine, Pinus strobus, 40.50992599782176, -75.78080169165757
Eastern White Pine, Pinus strobus, 40.50989849228858, -75.78078457192508
Norway Spruce, Picea abies, 40.509768393383915, -75.78056747048575
Norway Spruce, Picea abies, 40.50976470966495, -75.7805286578078
Colorado Spruce, Picea pungens, 40.50973270645351, -75.78053854017904
Colorado Spruce, Picea pungens, 40.50968878315555, -75.78051527790413
Colorado Spruce, Picea pungens, 40.509635323051576, -75.78051815889398
American Sweetgum, Liquidambar styraciflua, 40.509628210609655, -75.78058283454509
Sugar Maple, Acer saccharum, 40.50980437352061, -75.77933035701169
Red Maple, Acer rubrum, 40.50986639378147, -75.77924706325186
Red Maple, Acer rubrum, 40.509918582452414, -75.77923366519798
Red Maple, Acer rubrum, 40.5099810771498, -75.77927639513652
American Elm, Ulmus americana, 40.5098941178688, -75.77909686241209
American Elm, Ulmus americana, 40.50992670890783, -75.7790184778443
American Elm, Ulmus americana, 40.50996831982341, -75.77879142724092
American Elm, Ulmus americana, 40.5099928108267, -75.77872520050205
American Holly, Ilex opaca, 40.51004416835858, -75.7786934218303
American Holly, Ilex opaca, 40.51008004678762, -75.77861779674556
American Holly, Ilex opaca, 40.51010765169938, -75.77855871022876
American Holly, Ilex opaca, 40.51013986773649, -75.77848779464247
Ginkgo , Ginkgo biloba, 40.51016552835187, -75.77831343723486
Ginkgo , Ginkgo biloba, 40.51018960683955, -75.7782388628052
Hedge Maple, Acer campestre, 40.51041238308925, -75.77832108111946
Hedge Maple, Acer campestre, 40.510462020267646, -75.77835611128116
Hedge Maple, Acer campestre, 40.51051175447425, -75.77837807278964
Hedge Maple, Acer campestre, 40.51056840279187, -75.77841945523356
Red Maple, Acer rubrum, 40.51014925511061, -75.77948739434258
Red Maple, Acer rubrum, 40.51009646102518, -75.7794556495785
Red Maple, Acer rubrum, 40.510052801215416, -75.77942401062369
Gray Birch, Betula populifolia, 40.510000168623165, -75.77936831905191
Gray Birch, Betula populifolia, 40.51002423904665, -75.77932309385804
Gray Birch, Betula populifolia, 40.51004455523147, -75.77929219562668
Red Maple, Acer rubrum, 40.51165097356336, -75.78086008500632
Norway Maple, Acer platanoides, 40.51171652724374, -75.78090731834438
Map Y Norway Acer Platanoides Kemp Le, g Building, 40.51182694325188, -75.78068950868814
Norway Maple, Acer platanoides, 40.51186733492215, -75.78057676441146
Norway Maple, Acer platanoides, 40.51190244694225, -75.78044272887823
Tuliptree , Liriodendron tulipifera, 40.51167028110099, -75.78049315066582
Yellowwood , Cladrastis kentukea, 40.51186471171232, -75.78002734643317
Yellowwood , Cladrastis kentukea, 40.51191655395751, -75.77990111421711
Yellowwood , Cladrastis kentukea, 40.51195655979067, -75.7797920322182
Yellowwood , Cladrastis kentukea, 40.51199273949272, -75.77968788452583
Yellowwood , Cladrastis kentukea, 40.51204177710669, -75.77955401072823
Hedge Maple, Acer campestre, 40.51208558278988, -75.77873430318523
Hedge Maple, Acer campestre, 40.5119506445952, -75.77863853890378
Hedge Maple, Acer campestre, 40.51171952839709, -75.7784878313976
Hedge Maple, Acer campestre, 40.51146405629459, -75.77833247366426
Red Maple, Acer rubrum, 40.511166605619906, -75.77834922417789
Red Maple, Acer rubrum, 40.51112209972296, -75.77846721961802
Red Maple, Acer rubrum, 40.51110205885905, -75.77853216759651
Red Maple, Acer rubrum, 40.511052955124555, -75.77865998554407
Red Maple, Acer rubrum, 40.51102542324959, -75.77871892142353
Hedge Maple, Acer campestre, 40.51117700227313, -75.77814985315727
Hedge Maple, Acer campestre, 40.51101176498794, -75.77806103685448
Hedge Maple, Acer campestre, 40.5109043129879, -75.77800798622661
Hedge Maple, Acer campestre, 40.51070885881887, -75.7778764945848
Hedge Maple, Acer campestre, 40.51064641855294, -75.7778416625437
Hedge Maple, Acer campestre, 40.51052348225033, -75.77776822871074
Flowering Crabapple, Malus spp., 40.51009826550855, -75.77756443452465
Japanese Cryptomeria , Cryptomeria japonica, 40.51019643597083, -75.77787888521445
Japanese Cryptomeria , Cryptomeria japonica, 40.510165013184256, -75.7779631680801
Japanese Cryptomeria , Cryptomeria japonica, 40.510131696606855, -75.7780423760018
Japanese Cryptomeria , Cryptomeria japonica, 40.510105118594105, -75.7781229246843
Japanese Cryptomeria , Cryptomeria japonica, 40.51007273976552, -75.77820466919309
Japanese Cryptomeria , Cryptomeria japonica, 40.51004227211253, -75.77829022574183
Japanese Cryptomeria , Cryptomeria japonica, 40.51001318206028, -75.77836652315372
Japanese Cryptomeria , Cryptomeria japonica, 40.50997501179958, -75.77845072753597
Douglas-Fir , Pseudotsuga menziesii, 40.50994849307708, -75.77852243357435
Japanese Maple, Acer palmatum, 40.50946050506301, -75.7785658558334
Japanese Maple, Acer palmatum, 40.50950758270692, -75.77859166731031
Eastern Arborvitae, Thuja occidentalis, 40.509546531756854, -75.77867802590669
Eastern Arborvitae, Thuja occidentalis, 40.5096818110648, -75.77878066016874
Japanese Tree Lilac, Syringa reticulata, 40.50981660969394, -75.77875677187997
Japanese Tree Lilac, Syringa reticulata, 40.5097821669283, -75.77885997014168
Japanese Maple, Acer palmatum, 40.50962277716938, -75.77904510366797
Japanese Maple, Acer palmatum, 40.50963399496466, -75.77909829466218
Japanese Maple, Acer palmatum, 40.50960835454393, -75.7791826431825
Japanese Maple, Acer palmatum, 40.509573517794784, -75.77919992700879
Eastern Arborvitae, Thuja occidentalis, 40.509295517763896, -75.77935817825228
Eastern Arborvitae, Thuja occidentalis, 40.5092609365864, -75.77933756390124
Sugar Maple, Acer saccharum, 40.50924263383938, -75.78004606131046
Sugar Maple, Acer saccharum, 40.50914789098697, -75.77994010486007
Norway Maple, Acer platanoides, 40.50815802812928, -75.77743658682112
Red Maple, Acer rubrum, 40.50780948017092, -75.77790697412193
Red Maple, Acer rubrum, 40.50780895608602, -75.77785902840469
Red Maple, Acer rubrum, 40.507808185320975, -75.77779419113116
Red Maple, Acer rubrum, 40.50781221098005, -75.77773415283617
Red Maple, Acer rubrum, 40.507812562113806, -75.77768197882217
Tuliptree , Liriodendron tulipifera, 40.50779332306391, -75.77767068786727
Tuliptree , Liriodendron tulipifera, 40.50779454542249, -75.77770591580163
Tuliptree , Liriodendron tulipifera, 40.507792835282814, -75.77775922842058
Tuliptree , Liriodendron tulipifera, 40.50779240455638, -75.77782322205692
Tuliptree , Liriodendron tulipifera, 40.50779135497765, -75.77787743223844
Tuliptree , Liriodendron tulipifera, 40.507788975128186, -75.77792984835676
Goldenraintree , Koelreuteria paniculata, 40.508683129006464, -75.77627602587692
Goldenraintree , Koelreuteria paniculata, 40.50875547211114, -75.77631330425469
Japanese Maple, Acer palmatum, 40.51318553424788, -75.78747538762036
Japanese Maple, Acer palmatum, 40.51310124278091, -75.78755668445433
Japanese Maple, Acer palmatum, 40.513157647671136, -75.78765708171544
Japanese Maple, Acer palmatum, 40.5132514178323, -75.78758088177554
Cedar Of Lebanon , Cedrus libani, 40.51314850893974, -75.78760211902953
